<?xml version="1.0" encoding="utf-8"?>
<extension
	type="module"
	version="2.5"
	client="site">
	<name>mod_empty_mod</name>
	<author>Daniel H Pavey</author>
	<creationDate>November 2011</creationDate>
	<copyright>East Devon IT</copyright>
	<license>GNU General Public License version 2 or later; see LICENSE.txt</license>
	<authorEmail>dan@eastdevon.it</authorEmail>
	<authorUrl>www.eastdevonit.co.uk</authorUrl>
	<version>0</version>
	<description></description>
	<files>
		<filename module="mod_empty_mod">mod_empty_mod.php</filename>
		<filename>helper.php</filename>
		<filename>index.html</filename>
		<filename>mod_empty_mod.xml</filename>
	</files>
	<languages>
	</languages>
	<config>
		<fields name="params">
			<fieldset name="basic">
				<field
					name="id"
					type="text"
					default=""
					size="10"
					label="ID"
					description="Define the ID" >
					</field>
					

			</fieldset>
		</fields>
	</config>
</extension>
